5E-CF-7F-01-85-56,5ECF7F018556,5C-CF-7F-01-85-56,5CCF7F018556
5E-CF-7F-01-85-56,5ECF7F018556,5C-CF-7F-01-85-56,5CCF7F018556
2E-3A-E8-42-06-DB,2E3AE84206DB,2C-3A-E8-42-06-DB,2C3AE84206DB
2E-3A-E8-42-06-DB,2E3AE84206DB,2C-3A-E8-42-06-DB,2C3AE84206DB
2E-3A-E8-42-06-DB,2E3AE84206DB,2C-3A-E8-42-06-DB,2C3AE84206DB
2E-3A-E8-42-06-DB,2E3AE84206DB,2C-3A-E8-42-06-DB,2C3AE84206DB
2E-3A-E8-42-06-DB,2E3AE84206DB,2C-3A-E8-42-06-DB,2C3AE84206DB
2E-3A-E8-42-06-DB,2E3AE84206DB,2C-3A-E8-42-06-DB,2C3AE84206DB
2E-3A-E8-42-06-DB,2E3AE84206DB,2C-3A-E8-42-06-DB,2C3AE84206DB
2E-3A-E8-42-06-DB,2E3AE84206DB,2C-3A-E8-42-06-DB,2C3AE84206DB
2E-3A-E8-42-06-DB,2E3AE84206DB,2C-3A-E8-42-06-DB,2C3AE84206DB
2E-3A-E8-42-06-DB,2E3AE84206DB,2C-3A-E8-42-06-DB,2C3AE84206DB
2E-3A-E8-42-06-DB,2E3AE84206DB,2C-3A-E8-42-06-DB,2C3AE84206DB
2E-3A-E8-42-06-DB,2E3AE84206DB,2C-3A-E8-42-06-DB,2C3AE84206DB
2E-3A-E8-42-06-DB,2E3AE84206DB,2C-3A-E8-42-06-DB,2C3AE84206DB
2E-3A-E8-42-06-DB,2E3AE84206DB,2C-3A-E8-42-06-DB,2C3AE84206DB
2E-3A-E8-42-06-DB,2E3AE84206DB,2C-3A-E8-42-06-DB,2C3AE84206DB
2E-3A-E8-42-06-DB,2E3AE84206DB,2C-3A-E8-42-06-DB,2C3AE84206DB
